title,artist,range
Tujh Mein Rab Dikhta Hai 0,Shreya Ghoshal,Soprano
Kal Ho Naa Ho 1,Sonu Nigam,Soprano
Raabta 2,Sukhwinder Singh,Bass
Kun Faya Kun 3,Sonu Nigam,Alto
Kabira 4,Sukhwinder Singh,Tenor
Tujh Mein Rab Dikhta Hai 5,Sonu Nigam,Soprano
Kabira 6,Mohit Chauhan,Tenor
Kal Ho Naa Ho 7,Sonu Nigam,Alto
Agar Tum Saath Ho 8,Sonu Nigam,Tenor
Pee Loon 9,Arijit Singh,Bass
Kun Faya Kun 10,Sonu Nigam,Soprano
Kal Ho Naa Ho 11,Sukhwinder Singh,Alto
Tera Ban Jaunga 12,Sukhwinder Singh,Alto
Agar Tum Saath Ho 13,Arijit Singh,Soprano
Tera Ban Jaunga 14,Sonu Nigam,Tenor
Tera Ban Jaunga 15,Sonu Nigam,Soprano
Raabta 16,Sonu Nigam,Tenor
Tera Ban Jaunga 17,Mohit Chauhan,Bass
Kal Ho Naa Ho 18,Arijit Singh,Alto
Kabira 19,Shreya Ghoshal,Alto
Tum Hi Ho 20,Sonu Nigam,Bass
Tera Ban Jaunga 21,Mohit Chauhan,Soprano
Raabta 22,Shreya Ghoshal,Bass
Tera Ban Jaunga 23,Sukhwinder Singh,Soprano
Tum Hi Ho 24,Arijit Singh,Bass
Kal Ho Naa Ho 25,Mohit Chauhan,Soprano
Agar Tum Saath Ho 26,Mohit Chauhan,Alto
Pee Loon 27,Sonu Nigam,Bass
Pee Loon 28,Arijit Singh,Alto
Tera Ban Jaunga 29,Sonu Nigam,Tenor
Tujh Mein Rab Dikhta Hai 30,Arijit Singh,Tenor
Raabta 31,Mohit Chauhan,Tenor
Tujh Mein Rab Dikhta Hai 32,Shreya Ghoshal,Soprano
Kun Faya Kun 33,Shreya Ghoshal,Soprano
Kabira 34,Sonu Nigam,Bass
Agar Tum Saath Ho 35,Sonu Nigam,Alto
Kun Faya Kun 36,Sonu Nigam,Tenor
Tujh Mein Rab Dikhta Hai 37,Sukhwinder Singh,Soprano
Tera Ban Jaunga 38,Arijit Singh,Alto
Tera Ban Jaunga 39,Arijit Singh,Tenor
Chaiyya Chaiyya 40,Arijit Singh,Soprano
Kun Faya Kun 41,Sonu Nigam,Tenor
Kal Ho Naa Ho 42,Arijit Singh,Soprano
Kal Ho Naa Ho 43,Shreya Ghoshal,Bass
Pee Loon 44,Sonu Nigam,Tenor
Tera Ban Jaunga 45,Sukhwinder Singh,Soprano
Tera Ban Jaunga 46,Sonu Nigam,Alto
Kal Ho Naa Ho 47,Sukhwinder Singh,Alto
Tujh Mein Rab Dikhta Hai 48,Shreya Ghoshal,Tenor
Kabira 49,Shreya Ghoshal,Soprano
Tum Hi Ho 50,Shreya Ghoshal,Tenor
Pee Loon 51,Sonu Nigam,Tenor
Agar Tum Saath Ho 52,Arijit Singh,Bass
Agar Tum Saath Ho 53,Sukhwinder Singh,Alto
Tum Hi Ho 54,Sukhwinder Singh,Soprano
Tera Ban Jaunga 55,Arijit Singh,Tenor
Chaiyya Chaiyya 56,Arijit Singh,Tenor
Kal Ho Naa Ho 57,Arijit Singh,Bass
Tera Ban Jaunga 58,Sukhwinder Singh,Tenor
Tera Ban Jaunga 59,Arijit Singh,Bass
Tum Hi Ho 60,Sukhwinder Singh,Alto
Kabira 61,Sonu Nigam,Tenor
Kal Ho Naa Ho 62,Sonu Nigam,Bass
Kal Ho Naa Ho 63,Sukhwinder Singh,Tenor
Chaiyya Chaiyya 64,Shreya Ghoshal,Tenor
Tum Hi Ho 65,Arijit Singh,Bass
Raabta 66,Sonu Nigam,Bass
Kal Ho Naa Ho 67,Mohit Chauhan,Alto
Pee Loon 68,Mohit Chauhan,Bass
Pee Loon 69,Mohit Chauhan,Bass
Raabta 70,Arijit Singh,Tenor
Agar Tum Saath Ho 71,Mohit Chauhan,Alto
Kabira 72,Mohit Chauhan,Tenor
Pee Loon 73,Sukhwinder Singh,Tenor
Tujh Mein Rab Dikhta Hai 74,Sonu Nigam,Alto
Tujh Mein Rab Dikhta Hai 75,Arijit Singh,Alto
Raabta 76,Mohit Chauhan,Soprano
Kal Ho Naa Ho 77,Arijit Singh,Alto
Chaiyya Chaiyya 78,Shreya Ghoshal,Bass
Kal Ho Naa Ho 79,Sonu Nigam,Alto
Pee Loon 80,Arijit Singh,Soprano
Kun Faya Kun 81,Mohit Chauhan,Soprano
Kal Ho Naa Ho 82,Sonu Nigam,Alto
Agar Tum Saath Ho 83,Sukhwinder Singh,Soprano
Tujh Mein Rab Dikhta Hai 84,Shreya Ghoshal,Alto
Pee Loon 85,Shreya Ghoshal,Tenor
Kabira 86,Sukhwinder Singh,Alto
Tera Ban Jaunga 87,Mohit Chauhan,Alto
Chaiyya Chaiyya 88,Mohit Chauhan,Soprano
Raabta 89,Mohit Chauhan,Soprano
Tujh Mein Rab Dikhta Hai 90,Mohit Chauhan,Tenor
Kun Faya Kun 91,Sonu Nigam,Alto
Raabta 92,Mohit Chauhan,Bass
Agar Tum Saath Ho 93,Sonu Nigam,Tenor
Kal Ho Naa Ho 94,Arijit Singh,Bass
Raabta 95,Arijit Singh,Alto
Kun Faya Kun 96,Mohit Chauhan,Bass
Tum Hi Ho 97,Mohit Chauhan,Alto
Chaiyya Chaiyya 98,Mohit Chauhan,Tenor
Kal Ho Naa Ho 99,Sonu Nigam,Bass
Kal Ho Naa Ho 100,Arijit Singh,Alto
Tera Ban Jaunga 101,Sonu Nigam,Alto
Tujh Mein Rab Dikhta Hai 102,Sonu Nigam,Soprano
Tujh Mein Rab Dikhta Hai 103,Mohit Chauhan,Tenor
Raabta 104,Arijit Singh,Soprano
Raabta 105,Sonu Nigam,Soprano
Tujh Mein Rab Dikhta Hai 106,Mohit Chauhan,Soprano
Kun Faya Kun 107,Arijit Singh,Soprano
Tujh Mein Rab Dikhta Hai 108,Arijit Singh,Tenor
Chaiyya Chaiyya 109,Sukhwinder Singh,Soprano
Pee Loon 110,Shreya Ghoshal,Bass
Kal Ho Naa Ho 111,Sukhwinder Singh,Alto
Tum Hi Ho 112,Mohit Chauhan,Bass
Tera Ban Jaunga 113,Sukhwinder Singh,Tenor
Agar Tum Saath Ho 114,Mohit Chauhan,Tenor
Raabta 115,Sonu Nigam,Soprano
Tujh Mein Rab Dikhta Hai 116,Shreya Ghoshal,Tenor
Raabta 117,Sukhwinder Singh,Tenor
Raabta 118,Sonu Nigam,Tenor
Kal Ho Naa Ho 119,Shreya Ghoshal,Tenor
Tera Ban Jaunga 120,Arijit Singh,Soprano
Pee Loon 121,Sukhwinder Singh,Bass
Tujh Mein Rab Dikhta Hai 122,Mohit Chauhan,Soprano
Raabta 123,Shreya Ghoshal,Bass
Agar Tum Saath Ho 124,Mohit Chauhan,Bass
Tera Ban Jaunga 125,Mohit Chauhan,Bass
Tujh Mein Rab Dikhta Hai 126,Sonu Nigam,Tenor
Kun Faya Kun 127,Shreya Ghoshal,Bass
Kabira 128,Mohit Chauhan,Soprano
Raabta 129,Sonu Nigam,Tenor
Chaiyya Chaiyya 130,Sonu Nigam,Tenor
Raabta 131,Sukhwinder Singh,Soprano
Pee Loon 132,Shreya Ghoshal,Bass
Tum Hi Ho 133,Shreya Ghoshal,Alto
Agar Tum Saath Ho 134,Sukhwinder Singh,Soprano
Raabta 135,Arijit Singh,Soprano
Raabta 136,Arijit Singh,Bass
Pee Loon 137,Shreya Ghoshal,Alto
Kun Faya Kun 138,Sonu Nigam,Bass
Tera Ban Jaunga 139,Sonu Nigam,Soprano
Tujh Mein Rab Dikhta Hai 140,Sonu Nigam,Soprano
Agar Tum Saath Ho 141,Mohit Chauhan,Alto
Chaiyya Chaiyya 142,Mohit Chauhan,Bass
Pee Loon 143,Arijit Singh,Soprano
Tum Hi Ho 144,Arijit Singh,Bass
Tujh Mein Rab Dikhta Hai 145,Mohit Chauhan,Alto
Kal Ho Naa Ho 146,Arijit Singh,Alto
Raabta 147,Shreya Ghoshal,Tenor
Tera Ban Jaunga 148,Arijit Singh,Bass
Chaiyya Chaiyya 149,Sukhwinder Singh,Soprano
Tum Hi Ho 150,Sukhwinder Singh,Bass
Chaiyya Chaiyya 151,Sonu Nigam,Alto
Agar Tum Saath Ho 152,Shreya Ghoshal,Bass
Kal Ho Naa Ho 153,Sonu Nigam,Soprano
Tera Ban Jaunga 154,Arijit Singh,Bass
Agar Tum Saath Ho 155,Arijit Singh,Alto
Tera Ban Jaunga 156,Mohit Chauhan,Alto
Agar Tum Saath Ho 157,Sukhwinder Singh,Tenor
Raabta 158,Mohit Chauhan,Tenor
Kun Faya Kun 159,Shreya Ghoshal,Tenor
Kabira 160,Shreya Ghoshal,Bass
Tera Ban Jaunga 161,Sukhwinder Singh,Alto
Tujh Mein Rab Dikhta Hai 162,Sukhwinder Singh,Bass
Raabta 163,Sukhwinder Singh,Soprano
Raabta 164,Sonu Nigam,Tenor
Kabira 165,Sukhwinder Singh,Bass
Tum Hi Ho 166,Sonu Nigam,Tenor
Kun Faya Kun 167,Mohit Chauhan,Alto
Tum Hi Ho 168,Mohit Chauhan,Soprano
Pee Loon 169,Sukhwinder Singh,Alto
Kun Faya Kun 170,Shreya Ghoshal,Tenor
Tum Hi Ho 171,Shreya Ghoshal,Tenor
Raabta 172,Sonu Nigam,Soprano
Pee Loon 173,Shreya Ghoshal,Tenor
Tera Ban Jaunga 174,Shreya Ghoshal,Soprano
Chaiyya Chaiyya 175,Sukhwinder Singh,Bass
Kun Faya Kun 176,Shreya Ghoshal,Tenor
Kabira 177,Sonu Nigam,Soprano
Kabira 178,Sonu Nigam,Bass
Kabira 179,Sonu Nigam,Bass
Tum Hi Ho 180,Arijit Singh,Bass
Pee Loon 181,Mohit Chauhan,Soprano
Kabira 182,Arijit Singh,Tenor
Chaiyya Chaiyya 183,Shreya Ghoshal,Soprano
Agar Tum Saath Ho 184,Shreya Ghoshal,Tenor
Tera Ban Jaunga 185,Shreya Ghoshal,Tenor
Tujh Mein Rab Dikhta Hai 186,Sonu Nigam,Tenor
Agar Tum Saath Ho 187,Sukhwinder Singh,Alto
Tum Hi Ho 188,Mohit Chauhan,Alto
Chaiyya Chaiyya 189,Arijit Singh,Alto
Chaiyya Chaiyya 190,Shreya Ghoshal,Alto
Chaiyya Chaiyya 191,Arijit Singh,Tenor
Raabta 192,Mohit Chauhan,Bass
Kal Ho Naa Ho 193,Sonu Nigam,Bass
Kabira 194,Shreya Ghoshal,Alto
Raabta 195,Sonu Nigam,Tenor
Chaiyya Chaiyya 196,Sonu Nigam,Soprano
Pee Loon 197,Arijit Singh,Alto
Kabira 198,Shreya Ghoshal,Alto
Kabira 199,Shreya Ghoshal,Alto
Tera Ban Jaunga 200,Mohit Chauhan,Tenor
Kabira 201,Arijit Singh,Bass
Kabira 202,Mohit Chauhan,Soprano
Tera Ban Jaunga 203,Arijit Singh,Bass
Tujh Mein Rab Dikhta Hai 204,Shreya Ghoshal,Bass
Pee Loon 205,Sonu Nigam,Tenor
Kabira 206,Sonu Nigam,Bass
Kun Faya Kun 207,Arijit Singh,Bass
Pee Loon 208,Mohit Chauhan,Soprano
Tujh Mein Rab Dikhta Hai 209,Mohit Chauhan,Soprano
Raabta 210,Mohit Chauhan,Bass
Raabta 211,Mohit Chauhan,Tenor
Kal Ho Naa Ho 212,Arijit Singh,Tenor
Pee Loon 213,Sonu Nigam,Alto
Tum Hi Ho 214,Arijit Singh,Alto
Chaiyya Chaiyya 215,Sukhwinder Singh,Bass
Tum Hi Ho 216,Sonu Nigam,Bass
Tum Hi Ho 217,Shreya Ghoshal,Tenor
Tum Hi Ho 218,Sukhwinder Singh,Alto
Raabta 219,Shreya Ghoshal,Soprano
Raabta 220,Sonu Nigam,Alto
Tum Hi Ho 221,Sukhwinder Singh,Tenor
Tum Hi Ho 222,Arijit Singh,Bass
Chaiyya Chaiyya 223,Arijit Singh,Tenor
Raabta 224,Sukhwinder Singh,Bass
Tum Hi Ho 225,Sonu Nigam,Soprano
Kun Faya Kun 226,Sukhwinder Singh,Alto
Agar Tum Saath Ho 227,Sonu Nigam,Tenor
Kun Faya Kun 228,Sonu Nigam,Alto
Kun Faya Kun 229,Sonu Nigam,Soprano
Pee Loon 230,Shreya Ghoshal,Alto
Agar Tum Saath Ho 231,Sukhwinder Singh,Bass
Pee Loon 232,Mohit Chauhan,Tenor
Tera Ban Jaunga 233,Arijit Singh,Tenor
Kun Faya Kun 234,Shreya Ghoshal,Bass
Pee Loon 235,Mohit Chauhan,Soprano
Agar Tum Saath Ho 236,Sonu Nigam,Alto
Chaiyya Chaiyya 237,Mohit Chauhan,Alto
Tum Hi Ho 238,Shreya Ghoshal,Bass
Kun Faya Kun 239,Mohit Chauhan,Bass
Kun Faya Kun 240,Sonu Nigam,Soprano
Kabira 241,Mohit Chauhan,Alto
Tera Ban Jaunga 242,Sukhwinder Singh,Alto
Kal Ho Naa Ho 243,Shreya Ghoshal,Bass
Raabta 244,Arijit Singh,Bass
Tujh Mein Rab Dikhta Hai 245,Shreya Ghoshal,Soprano
Agar Tum Saath Ho 246,Shreya Ghoshal,Bass
Kal Ho Naa Ho 247,Sonu Nigam,Alto
Raabta 248,Sukhwinder Singh,Alto
Tujh Mein Rab Dikhta Hai 249,Sukhwinder Singh,Bass
Raabta 250,Mohit Chauhan,Alto
Tum Hi Ho 251,Arijit Singh,Soprano
Chaiyya Chaiyya 252,Shreya Ghoshal,Soprano
Tum Hi Ho 253,Shreya Ghoshal,Alto
Kun Faya Kun 254,Shreya Ghoshal,Alto
Chaiyya Chaiyya 255,Mohit Chauhan,Soprano
Kabira 256,Sukhwinder Singh,Soprano
Agar Tum Saath Ho 257,Mohit Chauhan,Tenor
Tum Hi Ho 258,Mohit Chauhan,Tenor
Tera Ban Jaunga 259,Sukhwinder Singh,Soprano
Tujh Mein Rab Dikhta Hai 260,Sonu Nigam,Bass
Kal Ho Naa Ho 261,Sonu Nigam,Tenor
Chaiyya Chaiyya 262,Mohit Chauhan,Tenor
Tera Ban Jaunga 263,Shreya Ghoshal,Bass
Raabta 264,Shreya Ghoshal,Alto
Kal Ho Naa Ho 265,Sukhwinder Singh,Tenor
Tera Ban Jaunga 266,Sukhwinder Singh,Tenor
Kun Faya Kun 267,Sukhwinder Singh,Soprano
Tera Ban Jaunga 268,Sukhwinder Singh,Soprano
Tum Hi Ho 269,Shreya Ghoshal,Bass
Tum Hi Ho 270,Mohit Chauhan,Tenor
Raabta 271,Sukhwinder Singh,Alto
Kabira 272,Arijit Singh,Soprano
Raabta 273,Sukhwinder Singh,Bass
Tum Hi Ho 274,Shreya Ghoshal,Alto
Raabta 275,Sukhwinder Singh,Alto
Kun Faya Kun 276,Mohit Chauhan,Soprano
Tujh Mein Rab Dikhta Hai 277,Sonu Nigam,Soprano
Kun Faya Kun 278,Arijit Singh,Soprano
Tujh Mein Rab Dikhta Hai 279,Arijit Singh,Soprano
Tera Ban Jaunga 280,Arijit Singh,Soprano
Tum Hi Ho 281,Arijit Singh,Alto
Chaiyya Chaiyya 282,Shreya Ghoshal,Tenor
Raabta 283,Mohit Chauhan,Alto
Tera Ban Jaunga 284,Mohit Chauhan,Tenor
Tum Hi Ho 285,Shreya Ghoshal,Bass
Pee Loon 286,Sukhwinder Singh,Bass
Tum Hi Ho 287,Shreya Ghoshal,Soprano
Kabira 288,Mohit Chauhan,Bass
Tum Hi Ho 289,Sonu Nigam,Alto
Tum Hi Ho 290,Shreya Ghoshal,Soprano
Kal Ho Naa Ho 291,Sukhwinder Singh,Bass
Kal Ho Naa Ho 292,Arijit Singh,Alto
Raabta 293,Sukhwinder Singh,Alto
Pee Loon 294,Sonu Nigam,Bass
Kabira 295,Shreya Ghoshal,Alto
Tujh Mein Rab Dikhta Hai 296,Mohit Chauhan,Tenor
Kabira 297,Arijit Singh,Alto
Kun Faya Kun 298,Mohit Chauhan,Tenor
Chaiyya Chaiyya 299,Sonu Nigam,Tenor
Tum Hi Ho 300,Mohit Chauhan,Tenor
Raabta 301,Mohit Chauhan,Soprano
Agar Tum Saath Ho 302,Sukhwinder Singh,Alto
Raabta 303,Shreya Ghoshal,Tenor
Kun Faya Kun 304,Sonu Nigam,Bass
Pee Loon 305,Sonu Nigam,Bass
Kun Faya Kun 306,Mohit Chauhan,Soprano
Raabta 307,Arijit Singh,Tenor
Tera Ban Jaunga 308,Mohit Chauhan,Soprano
Agar Tum Saath Ho 309,Shreya Ghoshal,Tenor
Kun Faya Kun 310,Sukhwinder Singh,Tenor
Kabira 311,Mohit Chauhan,Bass
Tum Hi Ho 312,Shreya Ghoshal,Tenor
Agar Tum Saath Ho 313,Arijit Singh,Alto
Raabta 314,Sukhwinder Singh,Bass
Kal Ho Naa Ho 315,Shreya Ghoshal,Alto
Tera Ban Jaunga 316,Mohit Chauhan,Bass
Agar Tum Saath Ho 317,Mohit Chauhan,Bass
Tera Ban Jaunga 318,Shreya Ghoshal,Bass
Tum Hi Ho 319,Shreya Ghoshal,Soprano
Kun Faya Kun 320,Shreya Ghoshal,Soprano
Kal Ho Naa Ho 321,Arijit Singh,Tenor
Chaiyya Chaiyya 322,Arijit Singh,Tenor
Kabira 323,Sukhwinder Singh,Alto
Chaiyya Chaiyya 324,Arijit Singh,Tenor
Agar Tum Saath Ho 325,Shreya Ghoshal,Tenor
Kal Ho Naa Ho 326,Arijit Singh,Soprano
Tera Ban Jaunga 327,Arijit Singh,Alto
Pee Loon 328,Sonu Nigam,Bass
Raabta 329,Shreya Ghoshal,Soprano
Tum Hi Ho 330,Sonu Nigam,Alto
Agar Tum Saath Ho 331,Arijit Singh,Soprano
Tum Hi Ho 332,Sonu Nigam,Bass
Kal Ho Naa Ho 333,Arijit Singh,Soprano
Kun Faya Kun 334,Mohit Chauhan,Alto
Tum Hi Ho 335,Shreya Ghoshal,Bass
Pee Loon 336,Arijit Singh,Bass
Chaiyya Chaiyya 337,Arijit Singh,Tenor
Agar Tum Saath Ho 338,Shreya Ghoshal,Soprano
Agar Tum Saath Ho 339,Mohit Chauhan,Bass
Tera Ban Jaunga 340,Sukhwinder Singh,Bass
Tera Ban Jaunga 341,Shreya Ghoshal,Alto
Pee Loon 342,Mohit Chauhan,Tenor
Chaiyya Chaiyya 343,Shreya Ghoshal,Soprano
Tum Hi Ho 344,Mohit Chauhan,Bass
Kal Ho Naa Ho 345,Shreya Ghoshal,Bass
Pee Loon 346,Sonu Nigam,Tenor
Tum Hi Ho 347,Mohit Chauhan,Bass
Kabira 348,Sonu Nigam,Tenor
Raabta 349,Mohit Chauhan,Soprano
Pee Loon 350,Mohit Chauhan,Soprano
Raabta 351,Arijit Singh,Alto
Kun Faya Kun 352,Arijit Singh,Soprano
Tujh Mein Rab Dikhta Hai 353,Sonu Nigam,Alto
Agar Tum Saath Ho 354,Mohit Chauhan,Alto
Kal Ho Naa Ho 355,Arijit Singh,Alto
Agar Tum Saath Ho 356,Sukhwinder Singh,Soprano
Kabira 357,Arijit Singh,Tenor
Kal Ho Naa Ho 358,Shreya Ghoshal,Alto
Pee Loon 359,Arijit Singh,Soprano
Tera Ban Jaunga 360,Arijit Singh,Tenor
Chaiyya Chaiyya 361,Arijit Singh,Alto
Agar Tum Saath Ho 362,Sonu Nigam,Tenor
Tera Ban Jaunga 363,Sonu Nigam,Tenor
Pee Loon 364,Arijit Singh,Alto
Kal Ho Naa Ho 365,Shreya Ghoshal,Alto
Tum Hi Ho 366,Sonu Nigam,Tenor
Kun Faya Kun 367,Mohit Chauhan,Alto
Agar Tum Saath Ho 368,Sonu Nigam,Bass
Pee Loon 369,Arijit Singh,Tenor
Kabira 370,Arijit Singh,Soprano
Raabta 371,Mohit Chauhan,Tenor
Tum Hi Ho 372,Arijit Singh,Bass
Kabira 373,Mohit Chauhan,Soprano
Pee Loon 374,Arijit Singh,Bass
Pee Loon 375,Shreya Ghoshal,Tenor
Tum Hi Ho 376,Sukhwinder Singh,Soprano
Kal Ho Naa Ho 377,Sukhwinder Singh,Bass
Agar Tum Saath Ho 378,Shreya Ghoshal,Soprano
Kabira 379,Sonu Nigam,Soprano
Pee Loon 380,Shreya Ghoshal,Alto
Tum Hi Ho 381,Shreya Ghoshal,Bass
Kal Ho Naa Ho 382,Mohit Chauhan,Soprano
Tum Hi Ho 383,Shreya Ghoshal,Bass
Raabta 384,Arijit Singh,Soprano
Tujh Mein Rab Dikhta Hai 385,Mohit Chauhan,Alto
Kal Ho Naa Ho 386,Arijit Singh,Soprano
Kal Ho Naa Ho 387,Arijit Singh,Bass
Kun Faya Kun 388,Shreya Ghoshal,Alto
Kal Ho Naa Ho 389,Arijit Singh,Bass
Kabira 390,Arijit Singh,Bass
Kabira 391,Shreya Ghoshal,Soprano
Kal Ho Naa Ho 392,Mohit Chauhan,Tenor
Kun Faya Kun 393,Shreya Ghoshal,Alto
Raabta 394,Shreya Ghoshal,Soprano
Pee Loon 395,Shreya Ghoshal,Tenor
Kun Faya Kun 396,Mohit Chauhan,Alto
Kun Faya Kun 397,Arijit Singh,Bass
Tujh Mein Rab Dikhta Hai 398,Mohit Chauhan,Bass
Agar Tum Saath Ho 399,Mohit Chauhan,Tenor
Kun Faya Kun 400,Sonu Nigam,Alto
Pee Loon 401,Sukhwinder Singh,Soprano
Kal Ho Naa Ho 402,Arijit Singh,Bass
Kal Ho Naa Ho 403,Shreya Ghoshal,Soprano
Kun Faya Kun 404,Sukhwinder Singh,Tenor
Tera Ban Jaunga 405,Shreya Ghoshal,Soprano
Agar Tum Saath Ho 406,Sukhwinder Singh,Tenor
Raabta 407,Mohit Chauhan,Bass
Chaiyya Chaiyya 408,Shreya Ghoshal,Tenor
Raabta 409,Sonu Nigam,Bass
Raabta 410,Sukhwinder Singh,Tenor
Tum Hi Ho 411,Arijit Singh,Alto
Kun Faya Kun 412,Shreya Ghoshal,Tenor
Kabira 413,Mohit Chauhan,Bass
Chaiyya Chaiyya 414,Shreya Ghoshal,Bass
Tujh Mein Rab Dikhta Hai 415,Sukhwinder Singh,Soprano
Kun Faya Kun 416,Arijit Singh,Bass
Tum Hi Ho 417,Mohit Chauhan,Soprano
Agar Tum Saath Ho 418,Mohit Chauhan,Tenor
Kal Ho Naa Ho 419,Sonu Nigam,Soprano
Tum Hi Ho 420,Sonu Nigam,Bass
Pee Loon 421,Sukhwinder Singh,Tenor
Tum Hi Ho 422,Sonu Nigam,Soprano
Tujh Mein Rab Dikhta Hai 423,Shreya Ghoshal,Bass
Agar Tum Saath Ho 424,Sonu Nigam,Soprano
Kal Ho Naa Ho 425,Sonu Nigam,Soprano
Kun Faya Kun 426,Shreya Ghoshal,Alto
Tum Hi Ho 427,Mohit Chauhan,Soprano
Kun Faya Kun 428,Mohit Chauhan,Alto
Chaiyya Chaiyya 429,Shreya Ghoshal,Soprano
Raabta 430,Sonu Nigam,Alto
Chaiyya Chaiyya 431,Sukhwinder Singh,Alto
Kabira 432,Arijit Singh,Tenor
Tum Hi Ho 433,Sukhwinder Singh,Soprano
Tujh Mein Rab Dikhta Hai 434,Mohit Chauhan,Bass
Tujh Mein Rab Dikhta Hai 435,Arijit Singh,Tenor
Agar Tum Saath Ho 436,Mohit Chauhan,Alto
Kun Faya Kun 437,Mohit Chauhan,Tenor
Kal Ho Naa Ho 438,Sonu Nigam,Tenor
Agar Tum Saath Ho 439,Arijit Singh,Tenor
Kal Ho Naa Ho 440,Sukhwinder Singh,Alto
Kun Faya Kun 441,Sonu Nigam,Tenor
Raabta 442,Arijit Singh,Alto
Kun Faya Kun 443,Sukhwinder Singh,Soprano
Kabira 444,Sukhwinder Singh,Soprano
Tera Ban Jaunga 445,Shreya Ghoshal,Alto
Agar Tum Saath Ho 446,Sonu Nigam,Alto
Agar Tum Saath Ho 447,Arijit Singh,Tenor
Tum Hi Ho 448,Sonu Nigam,Soprano
Kun Faya Kun 449,Mohit Chauhan,Bass
Agar Tum Saath Ho 450,Sukhwinder Singh,Soprano
Pee Loon 451,Mohit Chauhan,Bass
Raabta 452,Mohit Chauhan,Soprano
Kabira 453,Mohit Chauhan,Alto
Agar Tum Saath Ho 454,Arijit Singh,Soprano
Raabta 455,Mohit Chauhan,Bass
Agar Tum Saath Ho 456,Sonu Nigam,Bass
Tum Hi Ho 457,Sukhwinder Singh,Bass
Tujh Mein Rab Dikhta Hai 458,Arijit Singh,Soprano
Pee Loon 459,Arijit Singh,Bass
Kabira 460,Arijit Singh,Alto
Tera Ban Jaunga 461,Shreya Ghoshal,Alto
Kun Faya Kun 462,Sonu Nigam,Alto
Raabta 463,Arijit Singh,Alto
Tujh Mein Rab Dikhta Hai 464,Arijit Singh,Soprano
Kal Ho Naa Ho 465,Shreya Ghoshal,Bass
Tum Hi Ho 466,Sukhwinder Singh,Bass
Kabira 467,Sukhwinder Singh,Alto
Tujh Mein Rab Dikhta Hai 468,Mohit Chauhan,Alto
Tera Ban Jaunga 469,Shreya Ghoshal,Bass
Raabta 470,Arijit Singh,Bass
Tum Hi Ho 471,Sonu Nigam,Soprano
Kabira 472,Shreya Ghoshal,Bass
Chaiyya Chaiyya 473,Arijit Singh,Alto
Kabira 474,Sukhwinder Singh,Bass
Tujh Mein Rab Dikhta Hai 475,Sukhwinder Singh,Soprano
Agar Tum Saath Ho 476,Sonu Nigam,Soprano
Kabira 477,Arijit Singh,Alto
Chaiyya Chaiyya 478,Mohit Chauhan,Bass
Chaiyya Chaiyya 479,Sonu Nigam,Soprano
Tum Hi Ho 480,Sukhwinder Singh,Bass
Pee Loon 481,Arijit Singh,Alto
Pee Loon 482,Arijit Singh,Tenor
Chaiyya Chaiyya 483,Sonu Nigam,Bass
Kun Faya Kun 484,Sukhwinder Singh,Alto
Pee Loon 485,Sukhwinder Singh,Alto
Raabta 486,Sonu Nigam,Bass
Agar Tum Saath Ho 487,Sukhwinder Singh,Tenor
Kun Faya Kun 488,Mohit Chauhan,Alto
Tujh Mein Rab Dikhta Hai 489,Sukhwinder Singh,Tenor
Chaiyya Chaiyya 490,Shreya Ghoshal,Tenor
Kabira 491,Sonu Nigam,Soprano
Kun Faya Kun 492,Arijit Singh,Tenor
Tujh Mein Rab Dikhta Hai 493,Arijit Singh,Soprano
Kal Ho Naa Ho 494,Sukhwinder Singh,Alto
Tera Ban Jaunga 495,Mohit Chauhan,Alto
Pee Loon 496,Arijit Singh,Soprano
Kal Ho Naa Ho 497,Sukhwinder Singh,Tenor
Chaiyya Chaiyya 498,Arijit Singh,Alto
Tera Ban Jaunga 499,Arijit Singh,Soprano
Shallow 0,The Beatles,Bass
Stay 1,Sia,Bass
Someone Like You 2,The Beatles,Bass
All of Me 3,Queen,Bass
Perfect 4,Lady Gaga,Tenor
Hallelujah 5,Adele,Soprano
Chandelier 6,Adele,Soprano
Chandelier 7,Adele,Tenor
Shallow 8,Queen,Alto
Shallow 9,John Legend,Soprano
Chandelier 10,Ed Sheeran,Tenor
Bohemian Rhapsody 11,Adele,Bass
Bohemian Rhapsody 12,Lady Gaga,Bass
Perfect 13,Sia,Soprano
All of Me 14,Lady Gaga,Tenor
Stay 15,Sia,Soprano
Perfect 16,Ed Sheeran,Bass
Shallow 17,Leonard Cohen,Soprano
Bohemian Rhapsody 18,Leonard Cohen,Bass
Hallelujah 19,John Legend,Alto
Someone Like You 20,Sia,Alto
Someone Like You 21,Ed Sheeran,Alto
Rolling in the Deep 22,John Legend,Tenor
Stay 23,Leonard Cohen,Bass
Someone Like You 24,The Beatles,Alto
Chandelier 25,Ed Sheeran,Bass
Stay 26,Adele,Bass
Chandelier 27,Queen,Tenor
Perfect 28,Leonard Cohen,Bass
Stay 29,Queen,Bass
Let It Be 30,The Beatles,Bass
Someone Like You 31,Ed Sheeran,Alto
Someone Like You 32,The Beatles,Tenor
All of Me 33,Sia,Tenor
Let It Be 34,John Legend,Alto
Chandelier 35,Adele,Bass
Let It Be 36,The Beatles,Bass
Chandelier 37,John Legend,Soprano
Perfect 38,Queen,Tenor
Perfect 39,The Beatles,Bass
Hallelujah 40,The Beatles,Bass
Bohemian Rhapsody 41,Sia,Bass
All of Me 42,Adele,Tenor
Chandelier 43,The Beatles,Bass
Let It Be 44,Sia,Alto
Hallelujah 45,Leonard Cohen,Tenor
Rolling in the Deep 46,Lady Gaga,Alto
Chandelier 47,Lady Gaga,Alto
Hallelujah 48,Lady Gaga,Soprano
Perfect 49,Sia,Soprano
All of Me 50,Sia,Soprano
Stay 51,Queen,Tenor
Rolling in the Deep 52,Lady Gaga,Alto
Someone Like You 53,Sia,Soprano
Chandelier 54,Ed Sheeran,Alto
Hallelujah 55,Leonard Cohen,Soprano
All of Me 56,Ed Sheeran,Alto
All of Me 57,Leonard Cohen,Alto
Chandelier 58,Adele,Bass
All of Me 59,Adele,Tenor
Shallow 60,Leonard Cohen,Tenor
Hallelujah 61,Adele,Bass
Chandelier 62,Ed Sheeran,Soprano
Perfect 63,Sia,Tenor
Rolling in the Deep 64,Sia,Tenor
Let It Be 65,Queen,Bass
Someone Like You 66,Leonard Cohen,Bass
Perfect 67,Sia,Alto
Shallow 68,Queen,Soprano
Hallelujah 69,John Legend,Alto
Stay 70,Lady Gaga,Tenor
Shallow 71,John Legend,Bass
Someone Like You 72,Leonard Cohen,Bass
Perfect 73,Queen,Tenor
Chandelier 74,Leonard Cohen,Tenor
Hallelujah 75,The Beatles,Alto
Let It Be 76,John Legend,Bass
Someone Like You 77,Ed Sheeran,Tenor
Let It Be 78,The Beatles,Soprano
Shallow 79,Ed Sheeran,Alto
Stay 80,Adele,Alto
Rolling in the Deep 81,Adele,Bass
All of Me 82,The Beatles,Bass
Shallow 83,John Legend,Soprano
Shallow 84,Adele,Alto
Let It Be 85,Leonard Cohen,Bass
Rolling in the Deep 86,Queen,Soprano
Someone Like You 87,The Beatles,Tenor
Chandelier 88,Lady Gaga,Bass
Rolling in the Deep 89,Lady Gaga,Bass
Rolling in the Deep 90,Ed Sheeran,Alto
Chandelier 91,Adele,Tenor
Hallelujah 92,Leonard Cohen,Tenor
Someone Like You 93,Leonard Cohen,Soprano
Shallow 94,Adele,Alto
Chandelier 95,John Legend,Tenor
Someone Like You 96,The Beatles,Alto
Perfect 97,Leonard Cohen,Alto
Let It Be 98,The Beatles,Alto
Shallow 99,Lady Gaga,Tenor
Hallelujah 100,Queen,Soprano
Shallow 101,John Legend,Alto
Someone Like You 102,Leonard Cohen,Bass
All of Me 103,Lady Gaga,Bass
Someone Like You 104,The Beatles,Alto
Hallelujah 105,The Beatles,Bass
Chandelier 106,Queen,Tenor
Someone Like You 107,Sia,Tenor
All of Me 108,Leonard Cohen,Tenor
Perfect 109,John Legend,Tenor
Shallow 110,The Beatles,Soprano
Hallelujah 111,Ed Sheeran,Tenor
Chandelier 112,Lady Gaga,Tenor
Bohemian Rhapsody 113,Ed Sheeran,Alto
Chandelier 114,Queen,Bass
Shallow 115,Leonard Cohen,Alto
All of Me 116,Sia,Tenor
Someone Like You 117,Adele,Alto
Stay 118,Ed Sheeran,Soprano
Hallelujah 119,Sia,Soprano
Let It Be 120,Queen,Alto
Let It Be 121,Lady Gaga,Tenor
Rolling in the Deep 122,Queen,Tenor
Chandelier 123,The Beatles,Soprano
All of Me 124,Adele,Alto
Bohemian Rhapsody 125,Ed Sheeran,Alto
All of Me 126,Leonard Cohen,Alto
Let It Be 127,John Legend,Soprano
All of Me 128,Leonard Cohen,Tenor
Bohemian Rhapsody 129,Queen,Alto
Shallow 130,Sia,Soprano
Someone Like You 131,Sia,Alto
Shallow 132,John Legend,Bass
Chandelier 133,Ed Sheeran,Soprano
Rolling in the Deep 134,Adele,Alto
Someone Like You 135,Queen,Alto
Someone Like You 136,Lady Gaga,Bass
Shallow 137,Leonard Cohen,Alto
All of Me 138,Queen,Alto
Perfect 139,Leonard Cohen,Tenor
Hallelujah 140,Ed Sheeran,Alto
Shallow 141,Leonard Cohen,Tenor
All of Me 142,The Beatles,Tenor
Shallow 143,Queen,Alto
Hallelujah 144,John Legend,Soprano
Shallow 145,John Legend,Bass
All of Me 146,The Beatles,Tenor
All of Me 147,Leonard Cohen,Tenor
Let It Be 148,Sia,Tenor
Someone Like You 149,John Legend,Bass
Hallelujah 150,Queen,Tenor
Chandelier 151,John Legend,Tenor
Bohemian Rhapsody 152,Queen,Tenor
Chandelier 153,Leonard Cohen,Tenor
Shallow 154,Adele,Tenor
All of Me 155,Sia,Bass
Hallelujah 156,Leonard Cohen,Tenor
Chandelier 157,Sia,Tenor
Let It Be 158,Lady Gaga,Bass
All of Me 159,Sia,Alto
Someone Like You 160,Leonard Cohen,Alto
All of Me 161,Leonard Cohen,Soprano
Let It Be 162,Leonard Cohen,Soprano
Stay 163,Sia,Alto
Rolling in the Deep 164,Adele,Soprano
Shallow 165,Queen,Soprano
Perfect 166,John Legend,Alto
Perfect 167,The Beatles,Alto
Rolling in the Deep 168,The Beatles,Soprano
Perfect 169,Queen,Soprano
Stay 170,Leonard Cohen,Soprano
Rolling in the Deep 171,Lady Gaga,Alto
Chandelier 172,Ed Sheeran,Alto
Someone Like You 173,Ed Sheeran,Tenor
Someone Like You 174,Lady Gaga,Tenor
Perfect 175,Adele,Bass
Perfect 176,Leonard Cohen,Soprano
Chandelier 177,Adele,Tenor
Rolling in the Deep 178,Queen,Alto
Shallow 179,Adele,Alto
Perfect 180,Queen,Tenor
Someone Like You 181,Leonard Cohen,Soprano
Rolling in the Deep 182,Queen,Tenor
Shallow 183,Ed Sheeran,Soprano
Shallow 184,John Legend,Alto
Stay 185,Leonard Cohen,Tenor
Bohemian Rhapsody 186,Lady Gaga,Tenor
Shallow 187,Lady Gaga,Alto
Stay 188,Lady Gaga,Bass
Shallow 189,The Beatles,Soprano
All of Me 190,Ed Sheeran,Alto
Stay 191,Queen,Tenor
All of Me 192,Adele,Alto
Shallow 193,Lady Gaga,Soprano
Rolling in the Deep 194,Ed Sheeran,Bass
Perfect 195,Adele,Alto
Bohemian Rhapsody 196,Lady Gaga,Bass
Let It Be 197,The Beatles,Soprano
Rolling in the Deep 198,Lady Gaga,Soprano
Hallelujah 199,John Legend,Bass
Hallelujah 200,Queen,Soprano
Someone Like You 201,Adele,Soprano
Stay 202,Adele,Alto
Let It Be 203,John Legend,Tenor
All of Me 204,Ed Sheeran,Soprano
Chandelier 205,Leonard Cohen,Soprano
Chandelier 206,Ed Sheeran,Tenor
Someone Like You 207,Leonard Cohen,Soprano
Perfect 208,Ed Sheeran,Bass
Stay 209,Leonard Cohen,Tenor
Perfect 210,Lady Gaga,Soprano
Hallelujah 211,Ed Sheeran,Soprano
Rolling in the Deep 212,Leonard Cohen,Alto
Let It Be 213,Sia,Alto
Let It Be 214,Leonard Cohen,Bass
Rolling in the Deep 215,John Legend,Alto
Chandelier 216,John Legend,Tenor
Rolling in the Deep 217,Leonard Cohen,Bass
Shallow 218,Leonard Cohen,Bass
Hallelujah 219,Leonard Cohen,Alto
Rolling in the Deep 220,Adele,Bass
All of Me 221,John Legend,Soprano
Perfect 222,Lady Gaga,Soprano
Stay 223,Leonard Cohen,Tenor
Let It Be 224,Ed Sheeran,Tenor
Let It Be 225,Sia,Bass
Let It Be 226,John Legend,Bass
Let It Be 227,Leonard Cohen,Alto
Someone Like You 228,The Beatles,Bass
Let It Be 229,Queen,Soprano
Shallow 230,The Beatles,Tenor
Shallow 231,The Beatles,Bass
Shallow 232,Leonard Cohen,Bass
All of Me 233,Adele,Alto
Hallelujah 234,Queen,Tenor
Shallow 235,Ed Sheeran,Tenor
Chandelier 236,Ed Sheeran,Tenor
Rolling in the Deep 237,Lady Gaga,Bass
Stay 238,Ed Sheeran,Soprano
Shallow 239,Lady Gaga,Bass
Shallow 240,John Legend,Bass
Rolling in the Deep 241,John Legend,Soprano
Hallelujah 242,Ed Sheeran,Bass
All of Me 243,Lady Gaga,Bass
Rolling in the Deep 244,Sia,Soprano
All of Me 245,Adele,Tenor
Perfect 246,The Beatles,Bass
Hallelujah 247,The Beatles,Soprano
Shallow 248,Lady Gaga,Soprano
Perfect 249,John Legend,Alto
Perfect 250,Ed Sheeran,Soprano
Hallelujah 251,John Legend,Tenor
Bohemian Rhapsody 252,John Legend,Soprano
Rolling in the Deep 253,John Legend,Tenor
Bohemian Rhapsody 254,The Beatles,Soprano
Chandelier 255,The Beatles,Soprano
Perfect 256,Adele,Tenor
Shallow 257,Sia,Alto
Shallow 258,Adele,Bass
Let It Be 259,The Beatles,Bass
Perfect 260,Queen,Tenor
All of Me 261,Ed Sheeran,Alto
Shallow 262,John Legend,Tenor
Stay 263,Lady Gaga,Alto
Bohemian Rhapsody 264,Leonard Cohen,Tenor
Someone Like You 265,Leonard Cohen,Bass
Stay 266,Lady Gaga,Tenor
All of Me 267,Queen,Alto
Stay 268,Sia,Soprano
Bohemian Rhapsody 269,John Legend,Alto
Hallelujah 270,Ed Sheeran,Tenor
Bohemian Rhapsody 271,The Beatles,Bass
Let It Be 272,John Legend,Alto
Hallelujah 273,Ed Sheeran,Soprano
Stay 274,The Beatles,Alto
Bohemian Rhapsody 275,The Beatles,Tenor
Bohemian Rhapsody 276,Lady Gaga,Bass
All of Me 277,Queen,Tenor
Bohemian Rhapsody 278,Queen,Alto
Let It Be 279,Queen,Tenor
Hallelujah 280,Adele,Alto
Stay 281,The Beatles,Soprano
Shallow 282,Ed Sheeran,Bass
Bohemian Rhapsody 283,John Legend,Tenor
All of Me 284,John Legend,Bass
Shallow 285,Queen,Soprano
Hallelujah 286,Queen,Alto
Chandelier 287,The Beatles,Alto
Rolling in the Deep 288,Leonard Cohen,Alto
Hallelujah 289,Sia,Bass
Shallow 290,John Legend,Bass
Bohemian Rhapsody 291,Sia,Alto
Let It Be 292,Adele,Tenor
Perfect 293,Queen,Alto
Perfect 294,Ed Sheeran,Soprano
Perfect 295,John Legend,Alto
Perfect 296,The Beatles,Alto
Chandelier 297,Adele,Tenor
Rolling in the Deep 298,Ed Sheeran,Bass
Bohemian Rhapsody 299,The Beatles,Bass
All of Me 300,Sia,Soprano
Stay 301,Lady Gaga,Soprano
Bohemian Rhapsody 302,Adele,Tenor
Chandelier 303,John Legend,Tenor
All of Me 304,Ed Sheeran,Bass
Hallelujah 305,Ed Sheeran,Soprano
Someone Like You 306,Queen,Soprano
Perfect 307,John Legend,Tenor
Shallow 308,The Beatles,Bass
Shallow 309,Lady Gaga,Soprano
Someone Like You 310,Sia,Soprano
Bohemian Rhapsody 311,Queen,Tenor
Rolling in the Deep 312,Queen,Tenor
Chandelier 313,John Legend,Alto
Hallelujah 314,Adele,Soprano
Hallelujah 315,Adele,Alto
Shallow 316,Leonard Cohen,Alto
Let It Be 317,Ed Sheeran,Alto
Someone Like You 318,Ed Sheeran,Bass
Stay 319,Queen,Tenor
Hallelujah 320,Ed Sheeran,Tenor
Stay 321,Lady Gaga,Alto
Perfect 322,Queen,Bass
All of Me 323,Ed Sheeran,Bass
Rolling in the Deep 324,Ed Sheeran,Tenor
Stay 325,Lady Gaga,Soprano
Perfect 326,Sia,Tenor
Hallelujah 327,Sia,Alto
Bohemian Rhapsody 328,Ed Sheeran,Tenor
Hallelujah 329,John Legend,Bass
Perfect 330,Queen,Soprano
Chandelier 331,Leonard Cohen,Bass
All of Me 332,Sia,Soprano
Shallow 333,John Legend,Bass
Hallelujah 334,The Beatles,Tenor
Chandelier 335,The Beatles,Bass
Hallelujah 336,Ed Sheeran,Tenor
Hallelujah 337,Adele,Soprano
Perfect 338,Adele,Soprano
Shallow 339,Ed Sheeran,Alto
Hallelujah 340,The Beatles,Alto
Rolling in the Deep 341,John Legend,Bass
Shallow 342,Queen,Bass
All of Me 343,Adele,Alto
Stay 344,Sia,Alto
Chandelier 345,Ed Sheeran,Soprano
Hallelujah 346,Sia,Soprano
Someone Like You 347,The Beatles,Bass
All of Me 348,Ed Sheeran,Alto
Stay 349,The Beatles,Bass
Shallow 350,Lady Gaga,Alto
Rolling in the Deep 351,Ed Sheeran,Alto
Rolling in the Deep 352,John Legend,Tenor
Stay 353,Queen,Alto
Rolling in the Deep 354,Leonard Cohen,Soprano
Stay 355,Lady Gaga,Tenor
Perfect 356,Adele,Alto
Rolling in the Deep 357,Leonard Cohen,Alto
Shallow 358,Leonard Cohen,Tenor
Hallelujah 359,Sia,Bass
Let It Be 360,Leonard Cohen,Tenor
All of Me 361,Queen,Alto
Rolling in the Deep 362,Ed Sheeran,Soprano
Chandelier 363,The Beatles,Bass
Chandelier 364,John Legend,Soprano
Chandelier 365,John Legend,Tenor
Let It Be 366,Sia,Alto
Perfect 367,Ed Sheeran,Soprano
Chandelier 368,John Legend,Tenor
Rolling in the Deep 369,Queen,Tenor
All of Me 370,Ed Sheeran,Soprano
Hallelujah 371,The Beatles,Tenor
Let It Be 372,Ed Sheeran,Bass
Perfect 373,John Legend,Soprano
Chandelier 374,John Legend,Alto
Chandelier 375,Ed Sheeran,Bass
Chandelier 376,Leonard Cohen,Tenor
Someone Like You 377,Lady Gaga,Alto
Bohemian Rhapsody 378,Lady Gaga,Bass
Bohemian Rhapsody 379,Queen,Alto
Let It Be 380,Ed Sheeran,Tenor
Rolling in the Deep 381,Lady Gaga,Soprano
Bohemian Rhapsody 382,Lady Gaga,Alto
Stay 383,John Legend,Bass
Shallow 384,John Legend,Soprano
Bohemian Rhapsody 385,The Beatles,Bass
Chandelier 386,John Legend,Tenor
Hallelujah 387,Leonard Cohen,Soprano
Hallelujah 388,Adele,Bass
Rolling in the Deep 389,Adele,Tenor
Chandelier 390,Leonard Cohen,Tenor
Let It Be 391,Ed Sheeran,Tenor
Bohemian Rhapsody 392,Adele,Bass
Chandelier 393,Sia,Alto
Bohemian Rhapsody 394,Leonard Cohen,Tenor
Let It Be 395,Ed Sheeran,Alto
Shallow 396,John Legend,Bass
Let It Be 397,Adele,Alto
All of Me 398,Leonard Cohen,Soprano
Hallelujah 399,Ed Sheeran,Alto
Someone Like You 400,Leonard Cohen,Tenor
Chandelier 401,Leonard Cohen,Alto
Perfect 402,Queen,Bass
Chandelier 403,Sia,Soprano
All of Me 404,The Beatles,Bass
Bohemian Rhapsody 405,Leonard Cohen,Soprano
Rolling in the Deep 406,John Legend,Bass
Chandelier 407,Adele,Soprano
Chandelier 408,The Beatles,Tenor
Shallow 409,Ed Sheeran,Alto
Chandelier 410,Ed Sheeran,Soprano
Bohemian Rhapsody 411,Sia,Tenor
Rolling in the Deep 412,Adele,Alto
Perfect 413,Adele,Soprano
Perfect 414,Adele,Soprano
Stay 415,Sia,Bass
Perfect 416,Leonard Cohen,Tenor
Someone Like You 417,Leonard Cohen,Tenor
Shallow 418,John Legend,Alto
Rolling in the Deep 419,Lady Gaga,Soprano
Rolling in the Deep 420,The Beatles,Tenor
Perfect 421,Sia,Tenor
Let It Be 422,Leonard Cohen,Soprano
Hallelujah 423,Queen,Soprano
Rolling in the Deep 424,Lady Gaga,Soprano
Hallelujah 425,The Beatles,Tenor
Rolling in the Deep 426,Queen,Bass
Bohemian Rhapsody 427,Adele,Soprano
Perfect 428,Queen,Soprano
Rolling in the Deep 429,Adele,Alto
Someone Like You 430,The Beatles,Alto
Bohemian Rhapsody 431,Adele,Alto
Stay 432,John Legend,Soprano
Let It Be 433,Sia,Bass
Hallelujah 434,John Legend,Bass
Shallow 435,Queen,Soprano
All of Me 436,Lady Gaga,Alto
Someone Like You 437,Queen,Tenor
Someone Like You 438,John Legend,Soprano
All of Me 439,Ed Sheeran,Alto
Perfect 440,Sia,Alto
Someone Like You 441,Leonard Cohen,Bass
Stay 442,Sia,Soprano
Let It Be 443,The Beatles,Alto
Chandelier 444,John Legend,Bass
Chandelier 445,The Beatles,Soprano
Shallow 446,Queen,Tenor
Bohemian Rhapsody 447,Lady Gaga,Tenor
Rolling in the Deep 448,Sia,Tenor
Someone Like You 449,Leonard Cohen,Soprano
Stay 450,Ed Sheeran,Bass
All of Me 451,Adele,Alto
Stay 452,Leonard Cohen,Bass
Let It Be 453,Sia,Alto
Shallow 454,Adele,Bass
Someone Like You 455,Adele,Soprano
All of Me 456,Adele,Soprano
Chandelier 457,Sia,Soprano
All of Me 458,The Beatles,Alto
Stay 459,Leonard Cohen,Soprano
Rolling in the Deep 460,Lady Gaga,Bass
Shallow 461,The Beatles,Bass
Someone Like You 462,John Legend,Tenor
Someone Like You 463,Sia,Bass
Shallow 464,The Beatles,Alto
Chandelier 465,John Legend,Tenor
Someone Like You 466,Lady Gaga,Alto
Hallelujah 467,Lady Gaga,Bass
Hallelujah 468,Sia,Alto
Shallow 469,John Legend,Tenor
All of Me 470,Leonard Cohen,Tenor
Hallelujah 471,Leonard Cohen,Alto
Rolling in the Deep 472,Ed Sheeran,Soprano
All of Me 473,Lady Gaga,Bass
All of Me 474,Sia,Tenor
Shallow 475,John Legend,Tenor
Shallow 476,Queen,Alto
Stay 477,Sia,Bass
Shallow 478,Queen,Bass
Bohemian Rhapsody 479,The Beatles,Alto
Rolling in the Deep 480,Ed Sheeran,Tenor
Let It Be 481,John Legend,Alto
Chandelier 482,Queen,Tenor
Chandelier 483,The Beatles,Alto
Chandelier 484,John Legend,Tenor
Stay 485,Ed Sheeran,Soprano
All of Me 486,Sia,Soprano
Rolling in the Deep 487,Leonard Cohen,Alto
Let It Be 488,Adele,Alto
All of Me 489,Lady Gaga,Bass
Someone Like You 490,Lady Gaga,Alto
Stay 491,John Legend,Tenor
Someone Like You 492,Adele,Bass
Chandelier 493,Lady Gaga,Soprano
Hallelujah 494,Lady Gaga,Bass
Perfect 495,John Legend,Alto
Stay 496,John Legend,Soprano
Stay 497,Leonard Cohen,Tenor
Someone Like You 498,Queen,Soprano
Hallelujah 499,Sia,Bass
